"Txhash","Blockno","UnixTimestamp","DateTime","From","To","ContractAddress","Value_IN(MATIC)","Value_OUT(MATIC)","CurrentValue @ $0.8393/MATIC","TxnFee(MATIC)","TxnFee(USD)","Historical $Price/MATIC","Status","ErrCode","Method"
"0xad14bc0e16a937f4331269d4e211f1845c2a4cbe87996f53eda21c2974dca2f0","29298492","1669218373","2022-11-23 15:46:13","0x0e38aa0f5f14e735eaaa229c0168cad51c1a50dd","","0x46e19f132b10110617e8caa33e0626f7bc005a1b","0","0","0","0.004839967517423883","0.00406218473737387","","","","0x60806040",""
"0x3e81f8ef093813aa8e453bbcc684d29389e650b571fd60504bbebf5da3e4bc91","29298511","1669218469","2022-11-23 15:47:49","0x0e38aa0f5f14e735eaaa229c0168cad51c1a50dd","0x46e19f132b10110617e8caa33e0626f7bc005a1b","","0","0","0","0.00028322250113289","0.000237708645200835","","","","Set IPFS",""
"0x9e52929a7ad48d542786aa134e55a1da2d074b91071f58f70f43d126211311c3","29298551","1669218669","2022-11-23 15:51:09","0x0e38aa0f5f14e735eaaa229c0168cad51c1a50dd","0x46e19f132b10110617e8caa33e0626f7bc005a1b","","0","0","0","0.00009818750039275","0.0000824087690796351","","","","Set IPFS",""
"0xf0c7e907a5540e799cac35d3a384dcf36f07e44231718658715e61db770b8e8a","29298564","1669218735","2022-11-23 15:52:15","0x0e38aa0f5f14e735eaaa229c0168cad51c1a50dd","0x46e19f132b10110617e8caa33e0626f7bc005a1b","","0","0","0","0.000098187500510575","0.0000824087691785256","","","","Set IPFS",""
"0xb8ee84d62df84d2b5b02cf4bff31462855a97a5216255e09f95e7c67bc069f52","29298681","1669219321","2022-11-23 16:02:01","0x0e38aa0f5f14e735eaaa229c0168cad51c1a50dd","0x46e19f132b10110617e8caa33e0626f7bc005a1b","","0","0","0","0.000098187500589125","0.0000824087692444526","","","","Set IPFS",""
"0xafccf20121db8f9d48d7332a990fddab50fe9c33ba80c77773b6a811a8e95e60","29298690","1669219367","2022-11-23 16:02:47","0x0e38aa0f5f14e735eaaa229c0168cad51c1a50dd","0x46e19f132b10110617e8caa33e0626f7bc005a1b","","0","0","0","0.000098187500589125","0.0000824087692444526","","","","Set IPFS",""
"0xc88ef1bc41752352d376cd6b9911837ff5e854bd011ffebdeef1832378c2aef4","29298701","1669219422","2022-11-23 16:03:42","0x0e38aa0f5f14e735eaaa229c0168cad51c1a50dd","0x46e19f132b10110617e8caa33e0626f7bc005a1b","","0","0","0","0.000098187500667675","0.0000824087693103796","","","","Set IPFS",""
"0x87c664ab46e3701402c347613d926e24756fe663b9cbb3d384384053c1f139b1","29298709","1669219462","2022-11-23 16:04:22","0x0e38aa0f5f14e735eaaa229c0168cad51c1a50dd","0x46e19f132b10110617e8caa33e0626f7bc005a1b","","0","0","0","0.000098187500589125","0.0000824087692444526","","","","Set IPFS",""
"0x19209a16952ab417c833a937c6fde1cc81c9ccb22b745381d7f83bbfb0d74696","29298715","1669219492","2022-11-23 16:04:52","0x0e38aa0f5f14e735eaaa229c0168cad51c1a50dd","0x46e19f132b10110617e8caa33e0626f7bc005a1b","","0","0","0","0.0000981875007855","0.0000824087694092702","","","","Set IPFS",""
"0x46457f80db041128f6b8e745ca30596de65b844d88a7409580e0be7b92970292","29298723","1669219532","2022-11-23 16:05:32","0x0e38aa0f5f14e735eaaa229c0168cad51c1a50dd","0x46e19f132b10110617e8caa33e0626f7bc005a1b","","0","0","0","0.000098187500824775","0.0000824087694422337","","","","Set IPFS",""
"0x553ca2684ee2d3253a513a0c976aa6e35e14bc9865c5897b16c2ea328e8b8a76","29298736","1669219597","2022-11-23 16:06:37","0x0e38aa0f5f14e735eaaa229c0168cad51c1a50dd","0x46e19f132b10110617e8caa33e0626f7bc005a1b","","0","0","0","0.000098187500667675","0.0000824087693103796","","","","Set IPFS",""
"0x69c0f7e91e96027d16dbba0e3dc8ce57200dda8213de3bab4fc1fc41c0423589","29298746","1669219647","2022-11-23 16:07:27","0x0e38aa0f5f14e735eaaa229c0168cad51c1a50dd","0x46e19f132b10110617e8caa33e0626f7bc005a1b","","0","0","0","0.000098187500746225","0.0000824087693763066","","","","Set IPFS",""
"0xce540313827f1a2a5440e0ccf01ac947c8b8fd931a2f88cd1ba865274320ac11","29298751","1669219672","2022-11-23 16:07:52","0x0e38aa0f5f14e735eaaa229c0168cad51c1a50dd","0x46e19f132b10110617e8caa33e0626f7bc005a1b","","0","0","0","0.0000981875007855","0.0000824087694092702","","","","Set IPFS",""
"0xe324b052507a78c24800bcac1ef334bbb93dbb515cb183e193c5254db296263e","29298755","1669219693","2022-11-23 16:08:13","0x0e38aa0f5f14e735eaaa229c0168cad51c1a50dd","0x46e19f132b10110617e8caa33e0626f7bc005a1b","","0","0","0","0.000098187500824775","0.0000824087694422337","","","","Set IPFS",""
"0x52d1b4487992c943539f46f6cd5b12ac4e5605277333e51da0910aa524b8e445","29298760","1669219718","2022-11-23 16:08:38","0x0e38aa0f5f14e735eaaa229c0168cad51c1a50dd","0x46e19f132b10110617e8caa33e0626f7bc005a1b","","0","0","0","0.00009818750070695","0.0000824087693433431","","","","Set IPFS",""
"0x424f13f98a39023a053661f39bb4e928353f0894e2888bc7c43c3135cbabeeda","29298765","1669219743","2022-11-23 16:09:03","0x0e38aa0f5f14e735eaaa229c0168cad51c1a50dd","0x46e19f132b10110617e8caa33e0626f7bc005a1b","","0","0","0","0.00009818750054985","0.0000824087692114891","","","","Set IPFS",""
"0xeaa4d4d1047712dbebf0b5df4d3d2fa560a0861c487535e1f2646dd3e6fd6108","29299279","1669222321","2022-11-23 16:52:01","0x0e38aa0f5f14e735eaaa229c0168cad51c1a50dd","0x46e19f132b10110617e8caa33e0626f7bc005a1b","","0","0","0","0.0000981875004713","0.0000824087691455621","","","","Set IPFS",""
"0x2d6928ba7484062a730965396c5bb12edf78389c72ce8c678f45faa242017440","29299306","1669222456","2022-11-23 16:54:16","0x0e38aa0f5f14e735eaaa229c0168cad51c1a50dd","0x46e19f132b10110617e8caa33e0626f7bc005a1b","","0","0","0","0.00008418750033675","0.0000706585690326343","","","","Set IPFS",""
"0x7c6021285205a71075c14280b18ad10b589d28d5a87e65c09f6e976828d12236","29299308","1669222466","2022-11-23 16:54:26","0x0e38aa0f5f14e735eaaa229c0168cad51c1a50dd","0x46e19f132b10110617e8caa33e0626f7bc005a1b","","0","0","0","0.000084187500370425","0.0000706585690608977","","","","Set IPFS",""
"0x4fa869d4323ebf16b2cdc5004a3f213d42994c875a858d5c32e7eb559e0c35ef","29299310","1669222476","2022-11-23 16:54:36","0x0e38aa0f5f14e735eaaa229c0168cad51c1a50dd","0x46e19f132b10110617e8caa33e0626f7bc005a1b","","0","0","0","0.000084187500370425","0.0000706585690608977","","","","Set IPFS",""
"0xf2ba5c73efe873225acb4323a2e9a471038d3bfd77f6b71ef3f988d8f2509813","29299311","1669222481","2022-11-23 16:54:41","0x0e38aa0f5f14e735eaaa229c0168cad51c1a50dd","0x46e19f132b10110617e8caa33e0626f7bc005a1b","","0","0","0","0.000084187500370425","0.0000706585690608977","","","","Set IPFS",""
"0x616db12f56e89dedafd422f09ed0cb457a67a4c0764347c004e1102a5bb3b528","29299312","1669222486","2022-11-23 16:54:46","0x0e38aa0f5f14e735eaaa229c0168cad51c1a50dd","0x46e19f132b10110617e8caa33e0626f7bc005a1b","","0","0","0","0.000084187500370425","0.0000706585690608977","","","","Set IPFS",""
"0xbbd0d551efe495d2e3418a92c67cc59b43b97a47b8e1d2d88a708de9bc8b2cfa","29299314","1669222496","2022-11-23 16:54:56","0x0e38aa0f5f14e735eaaa229c0168cad51c1a50dd","0x46e19f132b10110617e8caa33e0626f7bc005a1b","","0","0","0","0.0000841875004041","0.0000706585690891611","","","","Set IPFS",""
"0x5fd3dd86870fcd4871bdacb6f4f7d5bd77d116ecd92c5ff4c0e5ff5cb4d92496","29299315","1669222501","2022-11-23 16:55:01","0x0e38aa0f5f14e735eaaa229c0168cad51c1a50dd","0x46e19f132b10110617e8caa33e0626f7bc005a1b","","0","0","0","0.0000841875004041","0.0000706585690891611","","","","Set IPFS",""
"0x49f54be62c94241bda1e2fa84c8fa55606973a2761b73bb2ced3a30f43fb19c9","29299317","1669222511","2022-11-23 16:55:11","0x0e38aa0f5f14e735eaaa229c0168cad51c1a50dd","0x46e19f132b10110617e8caa33e0626f7bc005a1b","","0","0","0","0.000084187500370425","0.0000706585690608977","","","","Set IPFS",""
"0x4454dcc971bd37c15ab6e5a0b0435002a80b8092aa6db14b9c92f8454e4e1f62","29299318","1669222516","2022-11-23 16:55:16","0x0e38aa0f5f14e735eaaa229c0168cad51c1a50dd","0x46e19f132b10110617e8caa33e0626f7bc005a1b","","0","0","0","0.0000841875004041","0.0000706585690891611","","","","Set IPFS",""
"0x61bbf68bce13549cadeeb71b0ccd9edcd1eb6a75fee0543860cfdf60fc8f409e","29299319","1669222521","2022-11-23 16:55:21","0x0e38aa0f5f14e735eaaa229c0168cad51c1a50dd","0x46e19f132b10110617e8caa33e0626f7bc005a1b","","0","0","0","0.0000841875004041","0.0000706585690891611","","","","Set IPFS",""
"0x461fe41f405c180525b9c6b606c0a5150356068e4e5b30808a446016c86884b4","29299322","1669222536","2022-11-23 16:55:36","0x0e38aa0f5f14e735eaaa229c0168cad51c1a50dd","0x46e19f132b10110617e8caa33e0626f7bc005a1b","","0","0","0","0.0000841875004041","0.0000706585690891611","","","","Set IPFS",""
"0x8948088844fa6fa723d9aaf1e79568f821ac6738e769fddb511329c5747bd384","29299323","1669222541","2022-11-23 16:55:41","0x0e38aa0f5f14e735eaaa229c0168cad51c1a50dd","0x46e19f132b10110617e8caa33e0626f7bc005a1b","","0","0","0","0.000084187500370425","0.0000706585690608977","","","","Set IPFS",""
"0x87ab9a2eb95f24610fd1dcb061bc3dc91475f6bef6ecfffb9a46e7a7ff9e35af","29299324","1669222546","2022-11-23 16:55:46","0x0e38aa0f5f14e735eaaa229c0168cad51c1a50dd","0x46e19f132b10110617e8caa33e0626f7bc005a1b","","0","0","0","0.000084187500370425","0.0000706585690608977","","","","Set IPFS",""
"0xb120e236489699dec5db07c3555da74c5c5458c1592c44c75ded72d69a20095e","29299324","1669222546","2022-11-23 16:55:46","0x0e38aa0f5f14e735eaaa229c0168cad51c1a50dd","0x46e19f132b10110617e8caa33e0626f7bc005a1b","","0","0","0","0.000084187500370425","0.0000706585690608977","","","","Set IPFS",""
"0xc0f1a6935b7197343d005f7e0e610f5722f5b125a6708daf116e0a8bc351f829","29299325","1669222551","2022-11-23 16:55:51","0x0e38aa0f5f14e735eaaa229c0168cad51c1a50dd","0x46e19f132b10110617e8caa33e0626f7bc005a1b","","0","0","0","0.000084187500370425","0.0000706585690608977","","","","Set IPFS",""
"0x1d59195fef98abc0a888121dabd933b71406c47b190d67d5299ef612a4278108","29299326","1669222556","2022-11-23 16:55:56","0x0e38aa0f5f14e735eaaa229c0168cad51c1a50dd","0x46e19f132b10110617e8caa33e0626f7bc005a1b","","0","0","0","0.000084187500370425","0.0000706585690608977","","","","Set IPFS",""
"0x981f2fe6ad7cfaeb27f0e98422f4dbdcae8bc107936611f478ebce0009cd50f1","29299327","1669222561","2022-11-23 16:56:01","0x0e38aa0f5f14e735eaaa229c0168cad51c1a50dd","0x46e19f132b10110617e8caa33e0626f7bc005a1b","","0","0","0","0.000084187500370425","0.0000706585690608977","","","","Set IPFS",""
"0x09a058817a49bf6264424fbf06f58b214d6e01074e3d18a7808f64f023e7b08b","29299327","1669222561","2022-11-23 16:56:01","0x0e38aa0f5f14e735eaaa229c0168cad51c1a50dd","0x46e19f132b10110617e8caa33e0626f7bc005a1b","","0","0","0","0.000084187500370425","0.0000706585690608977","","","","Set IPFS",""
"0xa717dd00b4ed692bbb2ed6362e820c90799ed73576a263021e448a30b1559da0","29299328","1669222567","2022-11-23 16:56:07","0x0e38aa0f5f14e735eaaa229c0168cad51c1a50dd","0x46e19f132b10110617e8caa33e0626f7bc005a1b","","0","0","0","0.000084187500370425","0.0000706585690608977","","","","Set IPFS",""
"0x2b3fab29d1eb4608f1cb28549b4ae0a420ba2ebd6b76374b0ecd19bcf7fc555b","29299329","1669222572","2022-11-23 16:56:12","0x0e38aa0f5f14e735eaaa229c0168cad51c1a50dd","0x46e19f132b10110617e8caa33e0626f7bc005a1b","","0","0","0","0.000084187500370425","0.0000706585690608977","","","","Set IPFS",""
"0x0d91835cb0bd73cbf3fdd868d88cd06e7f710939b53d0592374a8a964a0bbf67","29299330","1669222577","2022-11-23 16:56:17","0x0e38aa0f5f14e735eaaa229c0168cad51c1a50dd","0x46e19f132b10110617e8caa33e0626f7bc005a1b","","0","0","0","0.000084187500370425","0.0000706585690608977","","","","Set IPFS",""
"0x8120c16c22b201687c2f26482a268783508e1bbca2f54f654f438f3c137dfce1","29299331","1669222582","2022-11-23 16:56:22","0x0e38aa0f5f14e735eaaa229c0168cad51c1a50dd","0x46e19f132b10110617e8caa33e0626f7bc005a1b","","0","0","0","0.000084187500370425","0.0000706585690608977","","","","Set IPFS",""
"0xf4c158c7877911681a3a2abb0017157e87bb6a6a6b43dc63be7f4e241ca3ee70","29299331","1669222582","2022-11-23 16:56:22","0x0e38aa0f5f14e735eaaa229c0168cad51c1a50dd","0x46e19f132b10110617e8caa33e0626f7bc005a1b","","0","0","0","0.000084187500370425","0.0000706585690608977","","","","Set IPFS",""
"0x73c3514915f1754206af6eb1b21dc2f644ea1801fee7498e19012ec9a0760554","29299333","1669222592","2022-11-23 16:56:32","0x0e38aa0f5f14e735eaaa229c0168cad51c1a50dd","0x46e19f132b10110617e8caa33e0626f7bc005a1b","","0","0","0","0.000084187500370425","0.0000706585690608977","","","","Set IPFS",""
"0xcb5632c1f5b0ff9d02d4083348dd39bd4dfdb7fde1783fbcf0bec9b3cfe6ecf8","29299333","1669222592","2022-11-23 16:56:32","0x0e38aa0f5f14e735eaaa229c0168cad51c1a50dd","0x46e19f132b10110617e8caa33e0626f7bc005a1b","","0","0","0","0.000084187500370425","0.0000706585690608977","","","","Set IPFS",""
"0x60a87f307863d50231e50d090273fbf63fb8e7a8e92fd4f1657c3234514b0909","29299335","1669222602","2022-11-23 16:56:42","0x0e38aa0f5f14e735eaaa229c0168cad51c1a50dd","0x46e19f132b10110617e8caa33e0626f7bc005a1b","","0","0","0","0.000084187500370425","0.0000706585690608977","","","","Set IPFS",""
"0x4595c26226eea80d73273e9a09a233e2f372cf039398e944d738ee27d8609575","29299336","1669222607","2022-11-23 16:56:47","0x0e38aa0f5f14e735eaaa229c0168cad51c1a50dd","0x46e19f132b10110617e8caa33e0626f7bc005a1b","","0","0","0","0.000084187500370425","0.0000706585690608977","","","","Set IPFS",""
"0x0e4a71fede5eb4a3da376efed07a738bf0e823469ee2a733ad24fc85cf8b2d91","29299337","1669222612","2022-11-23 16:56:52","0x0e38aa0f5f14e735eaaa229c0168cad51c1a50dd","0x46e19f132b10110617e8caa33e0626f7bc005a1b","","0","0","0","0.000084187500370425","0.0000706585690608977","","","","Set IPFS",""
"0x4b9485c433ee349a0573c07e7386693e1a99eed8eddfe5c7a3e00e6d1d999080","29299339","1669222622","2022-11-23 16:57:02","0x0e38aa0f5f14e735eaaa229c0168cad51c1a50dd","0x46e19f132b10110617e8caa33e0626f7bc005a1b","","0","0","0","0.00008418750033675","0.0000706585690326343","","","","Set IPFS",""
"0x2ac3ca6652fdc04b998697f113c59202189fd1e5cc06f9e4d5ff2f83359e1172","29299339","1669222622","2022-11-23 16:57:02","0x0e38aa0f5f14e735eaaa229c0168cad51c1a50dd","0x46e19f132b10110617e8caa33e0626f7bc005a1b","","0","0","0","0.00008418750033675","0.0000706585690326343","","","","Set IPFS",""
"0xc1d592eea4ac2ba78874fa07d48df3fc9d6839bb270aa09f9195b369fbc7f4b2","29299341","1669222632","2022-11-23 16:57:12","0x0e38aa0f5f14e735eaaa229c0168cad51c1a50dd","0x46e19f132b10110617e8caa33e0626f7bc005a1b","","0","0","0","0.00008418750033675","0.0000706585690326343","","","","Set IPFS",""
"0xfa6d171381046ac1abc698b234ce4645decf4d75851f9ef15362a36da7df6d92","29299342","1669222637","2022-11-23 16:57:17","0x0e38aa0f5f14e735eaaa229c0168cad51c1a50dd","0x46e19f132b10110617e8caa33e0626f7bc005a1b","","0","0","0","0.000084187500370425","0.0000706585690608977","","","","Set IPFS",""
"0xb1a3f4444e7542a86dfcb7ef129c1974a9a388655d566deca3a02bb1503a5bd8","29299344","1669222647","2022-11-23 16:57:27","0x0e38aa0f5f14e735eaaa229c0168cad51c1a50dd","0x46e19f132b10110617e8caa33e0626f7bc005a1b","","0","0","0","0.000084187500370425","0.0000706585690608977","","","","Set IPFS",""
"0xf69f64532d821bda7f8a0ba04b0f1e2a88e699b1c7a2c1d4b8811984db587c78","29299345","1669222652","2022-11-23 16:57:32","0x0e38aa0f5f14e735eaaa229c0168cad51c1a50dd","0x46e19f132b10110617e8caa33e0626f7bc005a1b","","0","0","0","0.000084187500370425","0.0000706585690608977","","","","Set IPFS",""
"0x2dcb46e21e98a0aea863d45ce9970191f6da73007ce4b8af01c1b42100fca013","29299347","1669222662","2022-11-23 16:57:42","0x0e38aa0f5f14e735eaaa229c0168cad51c1a50dd","0x46e19f132b10110617e8caa33e0626f7bc005a1b","","0","0","0","0.0000841875004041","0.0000706585690891611","","","","Set IPFS",""
"0xd4332bc587a9eb5e0a6fd6bc9d37564354f2c357e68b8b5e32e1ae607e5f9e23","29299349","1669222672","2022-11-23 16:57:52","0x0e38aa0f5f14e735eaaa229c0168cad51c1a50dd","0x46e19f132b10110617e8caa33e0626f7bc005a1b","","0","0","0","0.0000841875004041","0.0000706585690891611","","","","Set IPFS",""
"0xc9e3e15959f28e0fd0b6a5963ab1768f2d3852aee76eccebd4cb1c1d8564362e","29299350","1669222677","2022-11-23 16:57:57","0x0e38aa0f5f14e735eaaa229c0168cad51c1a50dd","0x46e19f132b10110617e8caa33e0626f7bc005a1b","","0","0","0","0.0000841875004041","0.0000706585690891611","","","","Set IPFS",""
"0xab72dd61425178494aecbf5e8fb334751cdda6c4dc8dab05b5e5fd8fb795734a","29299351","1669222682","2022-11-23 16:58:02","0x0e38aa0f5f14e735eaaa229c0168cad51c1a50dd","0x46e19f132b10110617e8caa33e0626f7bc005a1b","","0","0","0","0.000084187500370425","0.0000706585690608977","","","","Set IPFS",""
"0xac3beafccf055a08791ce4bcc70eb74557e4de81f7af62328b4da6e30cf95019","29299353","1669222692","2022-11-23 16:58:12","0x0e38aa0f5f14e735eaaa229c0168cad51c1a50dd","0x46e19f132b10110617e8caa33e0626f7bc005a1b","","0","0","0","0.000084187500370425","0.0000706585690608977","","","","Set IPFS",""
"0xfbabe331a04c2c93c0653315a0c3c8911c90cfb4658a43edf3a2451bb737982a","29299354","1669222697","2022-11-23 16:58:17","0x0e38aa0f5f14e735eaaa229c0168cad51c1a50dd","0x46e19f132b10110617e8caa33e0626f7bc005a1b","","0","0","0","0.000084187500370425","0.0000706585690608977","","","","Set IPFS",""
"0x16740213fd4ff53ef77efc6e36c5a46403cd054acaceac5359699743dfbd8ac6","29299357","1669222712","2022-11-23 16:58:32","0x0e38aa0f5f14e735eaaa229c0168cad51c1a50dd","0x46e19f132b10110617e8caa33e0626f7bc005a1b","","0","0","0","0.00008418750033675","0.0000706585690326343","","","","Set IPFS",""
"0xf11c5e634d2e2dbcc589cf16b66b97ffa40b336bbf6b793cf01a152685a4267c","29299358","1669222717","2022-11-23 16:58:37","0x0e38aa0f5f14e735eaaa229c0168cad51c1a50dd","0x46e19f132b10110617e8caa33e0626f7bc005a1b","","0","0","0","0.00008418750033675","0.0000706585690326343","","","","Set IPFS",""
"0x27ca11f5813b0a2bed5b29457ed6c32c5b1b3196ad57d2911ddbe02863fb6ec2","29299358","1669222717","2022-11-23 16:58:37","0x0e38aa0f5f14e735eaaa229c0168cad51c1a50dd","0x46e19f132b10110617e8caa33e0626f7bc005a1b","","0","0","0","0.00008418750033675","0.0000706585690326343","","","","Set IPFS",""
"0x0b670724155a4a2d4b9cb3db4701dd6c3b734ea4e3e62b568f9a1e7e5cd6a999","29299359","1669222722","2022-11-23 16:58:42","0x0e38aa0f5f14e735eaaa229c0168cad51c1a50dd","0x46e19f132b10110617e8caa33e0626f7bc005a1b","","0","0","0","0.00008418750033675","0.0000706585690326343","","","","Set IPFS",""
"0x128a4910a2b7d2bdb86e5fe40fc6cab3a7f36452f5615fe2cfb198b376da5afc","29299359","1669222722","2022-11-23 16:58:42","0x0e38aa0f5f14e735eaaa229c0168cad51c1a50dd","0x46e19f132b10110617e8caa33e0626f7bc005a1b","","0","0","0","0.00008418750033675","0.0000706585690326343","","","","Set IPFS",""
"0x4b73df63e0c74d8bc05e9d67fea08db52e2f5ad5e3e5d5de98a1bfaa85f61107","29299360","1669222727","2022-11-23 16:58:47","0x0e38aa0f5f14e735eaaa229c0168cad51c1a50dd","0x46e19f132b10110617e8caa33e0626f7bc005a1b","","0","0","0","0.00008418750033675","0.0000706585690326343","","","","Set IPFS",""
"0xe726240f96483aed941df1132a1226651623aad56fec24c8ee17182fb0d7662a","29299360","1669222727","2022-11-23 16:58:47","0x0e38aa0f5f14e735eaaa229c0168cad51c1a50dd","0x46e19f132b10110617e8caa33e0626f7bc005a1b","","0","0","0","0.00008418750033675","0.0000706585690326343","","","","Set IPFS",""
"0x8aa8e8f4c91ab8cb02bc10bf1c3a4114477d901d24e698bc0624ed5976c13861","29299362","1669222737","2022-11-23 16:58:57","0x0e38aa0f5f14e735eaaa229c0168cad51c1a50dd","0x46e19f132b10110617e8caa33e0626f7bc005a1b","","0","0","0","0.00008418750033675","0.0000706585690326343","","","","Set IPFS",""
"0x7c867468b23aae13e57912e842bf67187719afbddb7c64f62ffeb41b05f50366","29299363","1669222742","2022-11-23 16:59:02","0x0e38aa0f5f14e735eaaa229c0168cad51c1a50dd","0x46e19f132b10110617e8caa33e0626f7bc005a1b","","0","0","0","0.000084187500303075","0.0000706585690043708","","","","Set IPFS",""
"0xee9e2ac35bd183794049c526722a8ed5d264cde1f245539a72f9ea25a5a4616c","29299363","1669222742","2022-11-23 16:59:02","0x0e38aa0f5f14e735eaaa229c0168cad51c1a50dd","0x46e19f132b10110617e8caa33e0626f7bc005a1b","","0","0","0","0.000084187500303075","0.0000706585690043708","","","","Set IPFS",""
"0x1423529c7f7c00bb76c68acd4a514e514946af571d8ebc933f6a86f17e27fc42","29299364","1669222747","2022-11-23 16:59:07","0x0e38aa0f5f14e735eaaa229c0168cad51c1a50dd","0x46e19f132b10110617e8caa33e0626f7bc005a1b","","0","0","0","0.000084187500303075","0.0000706585690043708","","","","Set IPFS",""
"0xe0ccbb52fb4c6cb5a4bb96a8fd56a0bee0930f35e051083b74d119896a04b1bd","29299364","1669222747","2022-11-23 16:59:07","0x0e38aa0f5f14e735eaaa229c0168cad51c1a50dd","0x46e19f132b10110617e8caa33e0626f7bc005a1b","","0","0","0","0.000084187500303075","0.0000706585690043708","","","","Set IPFS",""
"0xf5cf279cac1baf6dd9b5e9b010617efcb531675a544d9e7dad7185065e09f943","29299365","1669222752","2022-11-23 16:59:12","0x0e38aa0f5f14e735eaaa229c0168cad51c1a50dd","0x46e19f132b10110617e8caa33e0626f7bc005a1b","","0","0","0","0.000084187500303075","0.0000706585690043708","","","","Set IPFS",""
"0x4237b8b53fd29c4dddde7c4325083c90836bb7c4d8c2d446c953594d200b274f","29299365","1669222752","2022-11-23 16:59:12","0x0e38aa0f5f14e735eaaa229c0168cad51c1a50dd","0x46e19f132b10110617e8caa33e0626f7bc005a1b","","0","0","0","0.000084187500303075","0.0000706585690043708","","","","Set IPFS",""
"0x4f3d3a39340b96d9dea02164459ce98947dd58d3633c32c67cc27b6766e5b343","29299366","1669222757","2022-11-23 16:59:17","0x0e38aa0f5f14e735eaaa229c0168cad51c1a50dd","0x46e19f132b10110617e8caa33e0626f7bc005a1b","","0","0","0","0.000084187500303075","0.0000706585690043708","","","","Set IPFS",""
"0x301bf38de576bb9e0a540e05ff6232991e755a0c24b6b5253b2d00bdaaac1f2d","29299367","1669222762","2022-11-23 16:59:22","0x0e38aa0f5f14e735eaaa229c0168cad51c1a50dd","0x46e19f132b10110617e8caa33e0626f7bc005a1b","","0","0","0","0.000084187500303075","0.0000706585690043708","","","","Set IPFS",""
"0x2562158bae76073dd82a1e80e04d100b7ec29821d56452deb45b5bd33dcd298b","29299368","1669222767","2022-11-23 16:59:27","0x0e38aa0f5f14e735eaaa229c0168cad51c1a50dd","0x46e19f132b10110617e8caa33e0626f7bc005a1b","","0","0","0","0.000084187500303075","0.0000706585690043708","","","","Set IPFS",""
"0xae2b1124f4cfbfced0b253ad5fec8b6e72535aeb15257556dc1c711d81465fa4","29299368","1669222767","2022-11-23 16:59:27","0x0e38aa0f5f14e735eaaa229c0168cad51c1a50dd","0x46e19f132b10110617e8caa33e0626f7bc005a1b","","0","0","0","0.000084187500303075","0.0000706585690043708","","","","Set IPFS",""
"0x151bb2ccb9fee2934381b3d23bf3fb58f2e6dd45226f9b2c142c98925d9a239f","29299369","1669222772","2022-11-23 16:59:32","0x0e38aa0f5f14e735eaaa229c0168cad51c1a50dd","0x46e19f132b10110617e8caa33e0626f7bc005a1b","","0","0","0","0.000084187500303075","0.0000706585690043708","","","","Set IPFS",""
"0xefce08884bcfb8b2262ce382401ab34f429269f43dd2d97411094a29426263c5","29299370","1669222777","2022-11-23 16:59:37","0x0e38aa0f5f14e735eaaa229c0168cad51c1a50dd","0x46e19f132b10110617e8caa33e0626f7bc005a1b","","0","0","0","0.000084187500303075","0.0000706585690043708","","","","Set IPFS",""
"0x6530ee2d2062b8a22be5caeb74b4cc523fd71717dfdbf93985ceeedf1753b4ae","29299371","1669222782","2022-11-23 16:59:42","0x0e38aa0f5f14e735eaaa229c0168cad51c1a50dd","0x46e19f132b10110617e8caa33e0626f7bc005a1b","","0","0","0","0.00008418750033675","0.0000706585690326343","","","","Set IPFS",""
"0x00962dc388f054ed712353a55e2a3cd4f88654e1e9d8cfe5a4e90bee25f8d148","29299371","1669222782","2022-11-23 16:59:42","0x0e38aa0f5f14e735eaaa229c0168cad51c1a50dd","0x46e19f132b10110617e8caa33e0626f7bc005a1b","","0","0","0","0.00008418750033675","0.0000706585690326343","","","","Set IPFS",""
"0x38efbc00878c34c6c434c2606defff780070118893012ac8a34154e6faab8753","29299372","1669222787","2022-11-23 16:59:47","0x0e38aa0f5f14e735eaaa229c0168cad51c1a50dd","0x46e19f132b10110617e8caa33e0626f7bc005a1b","","0","0","0","0.000084187500303075","0.0000706585690043708","","","","Set IPFS",""
"0xcfee79126ce3c6f0cbddd72fcdf6f9d650465f3a04ed7a59f8ef93028c307067","29299373","1669222792","2022-11-23 16:59:52","0x0e38aa0f5f14e735eaaa229c0168cad51c1a50dd","0x46e19f132b10110617e8caa33e0626f7bc005a1b","","0","0","0","0.000084187500303075","0.0000706585690043708","","","","Set IPFS",""
"0xd2f65261d21458e379e37c736fc26e014b82696ed6a31b8f5ba87d7669dcf782","29299374","1669222797","2022-11-23 16:59:57","0x0e38aa0f5f14e735eaaa229c0168cad51c1a50dd","0x46e19f132b10110617e8caa33e0626f7bc005a1b","","0","0","0","0.000084187500303075","0.0000706585690043708","","","","Set IPFS",""
"0x3ba2b4f8a7da5f23fbfe6e7e4d39372a5d6b2e556e3474b304b8e8ff726e2e0b","29299375","1669222802","2022-11-23 17:00:02","0x0e38aa0f5f14e735eaaa229c0168cad51c1a50dd","0x46e19f132b10110617e8caa33e0626f7bc005a1b","","0","0","0","0.000084187500303075","0.0000706585690043708","","","","Set IPFS",""
"0xbd88d8f7a516468cfd392c33a07aed6a2b735fe0f2c8598af0bea3345b21e620","29299376","1669222807","2022-11-23 17:00:07","0x0e38aa0f5f14e735eaaa229c0168cad51c1a50dd","0x46e19f132b10110617e8caa33e0626f7bc005a1b","","0","0","0","0.000084187500303075","0.0000706585690043708","","","","Set IPFS",""
"0xab5f8abc51ba0fa02ab6824141926cc172dab64c0a9c1d2d9e935d06772cc4ca","29299377","1669222812","2022-11-23 17:00:12","0x0e38aa0f5f14e735eaaa229c0168cad51c1a50dd","0x46e19f132b10110617e8caa33e0626f7bc005a1b","","0","0","0","0.00008418750033675","0.0000706585690326343","","","","Set IPFS",""
"0x50ac3c72c6fcba40b8a49918463383f2687864532aaddfd64486210d0c0dfb50","29299378","1669222817","2022-11-23 17:00:17","0x0e38aa0f5f14e735eaaa229c0168cad51c1a50dd","0x46e19f132b10110617e8caa33e0626f7bc005a1b","","0","0","0","0.00008418750033675","0.0000706585690326343","","","","Set IPFS",""
"0x3dd156d6cdff3cc0e725e6caa26f39ec7cfa002cfa0aa7e30099e02d4dfd99e7","29299379","1669222822","2022-11-23 17:00:22","0x0e38aa0f5f14e735eaaa229c0168cad51c1a50dd","0x46e19f132b10110617e8caa33e0626f7bc005a1b","","0","0","0","0.000084187500370425","0.0000706585690608977","","","","Set IPFS",""
"0x4f5a3159cd2b4a94d4512a3eb2c4e5dec20d68f9468d8dfab3b49072b2026d48","29299380","1669222827","2022-11-23 17:00:27","0x0e38aa0f5f14e735eaaa229c0168cad51c1a50dd","0x46e19f132b10110617e8caa33e0626f7bc005a1b","","0","0","0","0.000084187500370425","0.0000706585690608977","","","","Set IPFS",""
